{"cameraMode":{"drawMode":0,"name":"Shaded","section":"Shading Mode"},"sceneLighting":false,"audioPlay":false,"sceneViewState":{"m_AlwaysRefresh":false,"showFog":true,"showSkybox":false,"showFlares":true,"showImageEffects":true,"showParticleSystems":true,"showVisualEffectGraphs":true,"m_FxEnabled":true},"in2DMode":false,"pivot":{"x":-5.869870185852051,"y":1.2499995231628419,"z":4.604867458343506},"rotation":{"x":-0.0004956413176842034,"y":0.9189954996109009,"z":-0.3943101465702057,"w":-0.001089514815248549},"size":1.685971736907959,"orthographic":false}