{"cameraMode":{"drawMode":0,"name":"Shaded","section":"Shading Mode"},"sceneLighting":true,"audioPlay":false,"sceneViewState":{"m_AlwaysRefresh":false,"showFog":true,"showSkybox":true,"showFlares":true,"showImageEffects":true,"showParticleSystems":true,"showVisualEffectGraphs":true,"m_FxEnabled":true},"in2DMode":false,"pivot":{"x":-1.2833638191223145,"y":0.7830815315246582,"z":-5.772211074829102},"rotation":{"x":-0.17310060560703278,"y":-0.8270474672317505,"z":0.36040857434272768,"w":-0.39520806074142458},"size":10.80826187133789,"orthographic":false}