{"cameraMode":{"drawMode":0,"name":"Shaded","section":"Shading Mode"},"sceneLighting":true,"audioPlay":false,"sceneViewState":{"m_AlwaysRefresh":false,"showFog":true,"showSkybox":true,"showFlares":true,"showImageEffects":true,"showParticleSystems":true,"showVisualEffectGraphs":true,"m_FxEnabled":true},"in2DMode":false,"pivot":{"x":-4.362269401550293,"y":-5.0654683113098148,"z":-5.291271209716797},"rotation":{"x":-0.0004956413176842034,"y":0.9189954996109009,"z":-0.3943101465702057,"w":-0.001089514815248549},"size":13.793722152709961,"orthographic":false}